{
    "entry_id": 39,
    "path": "N:\\FRPG\\data\\INTERROOT_x64\\param\\GameParam\\KnockBackParam.param",
    "flags": 2,
    "data": {
        "param_type": "KNOCKBACK_PARAM_ST",
        "big_endian": false,
        "unknown": 0,
        "paramdef_data_version": 1,
        "flags1": 2,
        "flags2": 0,
        "paramdef_format_version": 0,
        "undecodable_row_names": [],
        "rows": {
            "0": {
                "name": "\u6c4e\u7528",
                "damage_Min_ContTime": 0.019999999552965164,
                "damage_S_ContTime": 0.009999999776482582,
                "damage_M_ContTime": 0.029999999329447746,
                "damage_L_ContTime": 0.05000000074505806,
                "damage_Strike_ContTime": 0.10000000149011612,
                "damage_Uppercut_ContTime": 0.44999998807907104,
                "damage_Push_ContTime": 0.10000000149011612,
                "guard_S_ContTime": 0.05000000074505806,
                "guard_L_ContTime": 0.019999999552965164,
                "guardBrake_ContTime": 0.07000000029802322,
                "damage_Min_DecTime": 0.05999999865889549,
                "damage_S_DecTime": 0.15000000596046448,
                "damage_M_DecTime": 0.6899999976158142,
                "damage_L_DecTime": 1.0,
                "damage_Uppercut_DecTime": 1.75,
                "damage_Push_DecTime": 0.8999999761581421,
                "guard_S_DecTime": 0.20000000298023224,
                "guard_L_DecTime": 0.699999988079071,
                "guardBrake_DecTime": 0.20000000298023224
            },
            "1": {
                "name": "PC\u7528",
                "damage_Min_ContTime": 0.019999999552965164,
                "damage_S_ContTime": 0.009999999776482582,
                "damage_M_ContTime": 0.029999999329447746,
                "damage_L_ContTime": 0.05000000074505806,
                "damage_Strike_ContTime": 0.10000000149011612,
                "damage_Uppercut_ContTime": 0.44999998807907104,
                "damage_Push_ContTime": 0.10000000149011612,
                "guard_S_ContTime": 0.05000000074505806,
                "guard_L_ContTime": 0.019999999552965164,
                "guardBrake_ContTime": 0.07000000029802322,
                "damage_Min_DecTime": 0.05999999865889549,
                "damage_S_DecTime": 0.15000000596046448,
                "damage_M_DecTime": 0.6899999976158142,
                "damage_L_DecTime": 1.0,
                "damage_Uppercut_DecTime": 1.75,
                "damage_Push_DecTime": 0.8999999761581421,
                "guard_S_DecTime": 0.20000000298023224,
                "guard_L_DecTime": 0.699999988079071,
                "guardBrake_DecTime": 0.20000000298023224
            },
            "10": {
                "name": "\u6575\u6c4e\u7528old",
                "damage_Min_ContTime": 0.019999999552965164,
                "damage_S_ContTime": 0.019999999552965164,
                "damage_M_ContTime": 0.05000000074505806,
                "damage_L_ContTime": 0.019999999552965164,
                "damage_Strike_ContTime": 0.20000000298023224,
                "damage_Uppercut_ContTime": 0.20000000298023224,
                "damage_Push_ContTime": 0.20000000298023224,
                "guard_S_ContTime": 0.019999999552965164,
                "guard_L_ContTime": 0.019999999552965164,
                "damage_Min_DecTime": 0.019999999552965164,
                "damage_S_DecTime": 0.019999999552965164,
                "damage_M_DecTime": 0.800000011920929,
                "damage_L_DecTime": 0.800000011920929,
                "damage_Push_DecTime": 1.0,
                "guard_S_DecTime": 0.20000000298023224,
                "guard_L_DecTime": 0.699999988079071
            }
        }
    }
}